"","logFC","logCPM","LR","PValue","FDR"
"Bra028803",-5.04345587641822,3.51422201695321,132.198542548192,1.35379439572305e-30,3.25370945068077e-26
"Bra019324",4.80973559166455,2.20912474986441,76.4363707447615,2.27423889375706e-18,2.73295287862786e-14
"Bra034565",4.08128704271422,2.15929878228834,68.9341495665121,1.01806606714425e-16,8.15606661924832e-13
"Bra025587",4.1909194167755,3.29871295123087,55.0440125255384,1.17860814721041e-13,7.08166705251375e-10
"Bra029946",2.28084439797745,5.36446467938527,47.801734154625,4.71574730155253e-12,1.89867523517115e-08
"Bra026156",1.7646721386692,6.46779743096494,47.5065307691562,5.48210046821035e-12,1.89867523517115e-08
"Bra030161",2.8467916347489,5.10562164163362,47.4894882071174,5.52996864699928e-12,1.89867523517115e-08
"Bra037739",2.04148229165716,4.53995750363703,47.0944112537858,6.76483064672516e-12,2.03232424704241e-08
"Bra016050",5.11923173519508,1.75533412946354,46.0118395157424,1.17540497648725e-11,3.13885368943273e-08
"Bra029042",3.4965523508202,1.24065619651673,45.5989663527029,1.45118140230276e-11,3.48776938229445e-08
"Bra035094",2.17140847972223,2.98552978683384,44.8233072121503,2.15640550353639e-11,4.71154998836305e-08
"Bra001781",2.30678569440896,3.13860459220854,44.1466256395162,3.04676556315806e-11,6.10216362874506e-08
"Bra026919",1.17695784472607,4.93312207002925,43.9039780118196,3.4488719354368e-11,6.37616831509908e-08
"Bra013011",3.23828817762336,3.7560722189475,43.0265950587375,5.40007802338459e-11,9.27039108671609e-08
"Bra026157",1.25758315798366,4.79163128065059,42.822115431659,5.99505637643778e-11,9.60567899675371e-08
"Bra031058",3.24072862984295,2.75797668843712,42.5732223985636,6.8085113474654e-11,1.02272351078115e-07
"Bra018543",1.83854134174094,6.99767053634338,41.2467801768163,1.34172679260935e-10,1.89688598432784e-07
"Bra014975",-1.87117481731682,5.06049490348028,41.1060239675313,1.44191242980924e-10,1.92527351877973e-07
"Bra033696",2.81963671030069,5.84431766845763,40.3015849517451,2.17632348046777e-10,2.75293465945066e-07
"Bra028635",1.37845099332106,4.04918846927249,39.0849916782123,4.05751192938277e-10,4.87591208553927e-07
"Bra008510",1.73000532162803,5.78906228752597,38.858771471798,4.55602097000423e-10,5.21425752348008e-07
"Bra039212",2.45711537166264,3.36277321129286,37.0976930968975,1.12356567728602e-09,1.22744443126783e-06
"Bra035671",1.80514857632364,4.91382729367852,36.617871838349,1.43708114675306e-09,1.46291506065937e-06
"Bra029201",2.15688649711324,4.15899467802973,36.553417338479,1.48539326011931e-09,1.46291506065937e-06
"Bra007198",1.25564123037379,3.84392608674272,36.5063282480105,1.52171409322145e-09,1.46291506065937e-06
"Bra024638",2.01991167358757,2.39085162922877,36.0079116024143,1.96517989286763e-09,1.81658205943002e-06
"Bra033664",1.63669496030788,5.2292222607581,35.6972410009025,2.30490208934549e-09,2.05170432649368e-06
"Bra013434",3.75945149967806,1.37822261104499,35.5678443999642,2.46320225334208e-09,2.11430724845798e-06
"Bra008716",-3.988966819627,0.754907001686266,35.4919867941091,2.56101974583646e-09,2.1224671921184e-06
"Bra022814",1.92351353592989,4.62772092125033,34.8852396042011,3.49722098071575e-09,2.80174030168408e-06
"Bra021887",1.45101562622526,3.8305233779192,34.4401011660807,4.39572674590247e-09,3.4079644068071e-06
"Bra000651",4.30057577462889,0.618178231597622,34.2315174200187,4.89300492042699e-09,3.6749525080482e-06
"Bra027953",2.56749775044357,3.86976214157803,34.1636609523159,5.0666304293311e-09,3.69004229510739e-06
"Bra015699",1.56297277533579,3.50534312641639,33.7093684134693,6.39917633425603e-09,4.52346482404439e-06
"Bra031989",1.91344580337725,2.11504199492921,33.4342799898554,7.37131786454071e-09,4.87565195618638e-06
"Bra032870",2.58237729379283,2.2320653284456,33.4333209337138,7.37495369566569e-09,4.87565195618638e-06
"Bra025721",1.50055560660377,3.80254401617894,33.3990669860256,7.50599660393176e-09,4.87565195618638e-06
"Bra031844",3.02199482794088,3.46153524447323,32.939757044112,9.5059265818252e-09,6.01224840704176e-06
"Bra015963",2.95722698007109,1.83895306656691,32.8712230104048,9.84701612487246e-09,6.06828680885089e-06
"Bra037411",2.44916042922701,4.33000082184096,32.7425616854298,1.0520813073184e-08,6.28618775684978e-06
"Bra016202",1.98373438854181,2.23628358913277,32.7054319222801,1.07237121590597e-08,6.28618775684978e-06
"Bra021672",1.65727624051206,3.91050591574963,32.506024537636,1.18823610143987e-08,6.66823276303757e-06
"Bra004689",-3.35526703614572,3.40409513589368,32.4981916593489,1.19303490393033e-08,6.66823276303757e-06
"Bra027323",3.78734460765619,0.906632226672576,32.2041729655649,1.38792341930209e-08,7.58121624079691e-06
"Bra039777",1.7705092965547,4.4612113827996,31.9790331166634,1.5584562147042e-08,8.32354148093349e-06
"Bra000840",-1.52141010885496,8.01151106097134,31.8640099902026,1.65352695738119e-08,8.51528328950894e-06
"Bra033046",0.9723025663912,4.65653293845906,31.8141888123642,1.69648881457618e-08,8.51528328950894e-06
"Bra011441",2.25168844172596,1.98589690121234,31.8094335175418,1.70064740740796e-08,8.51528328950894e-06
"Bra018469",1.80508170731191,7.40154509467564,31.0414663978197,2.52574343878064e-08,1.21150424969235e-05
"Bra023288",1.95546353924236,4.20282238520923,31.0093854792435,2.56783715929828e-08,1.21150424969235e-05
"Bra025372",-2.01883853969474,3.20223990563372,31.0071438510253,2.57080455747315e-08,1.21150424969235e-05
"Bra017093",1.761538242701,3.70320006055367,30.7445716119654,2.94326063946745e-08,1.33966543555088e-05
"Bra023798",1.38600123748078,4.68441294236056,30.7373448311125,2.95424265974023e-08,1.33966543555088e-05
"Bra019368",2.29452218206103,3.68696737790723,30.5952009195024,3.17879052916078e-08,1.41479725144167e-05
"Bra006286",-2.23385324223772,3.30141264505948,30.3855354176343,3.54159190144862e-08,1.53767021076513e-05
"Bra028213",1.16730201925753,3.86821397992573,30.3630838182979,3.58282149466785e-08,1.53767021076513e-05
"Bra029278",1.14299483836769,6.53380197361626,30.27706733339,3.74527969894046e-08,1.57919389972517e-05
"Bra026515",1.1675679056682,4.57522055015501,29.8340445815167,4.70654261342782e-08,1.94670333635862e-05
"Bra009783",1.49741509025808,5.11737253641325,29.8044753035427,4.77887562807517e-08,1.94670333635862e-05
"Bra016499",1.84639730997433,5.87221214776572,29.7164538410197,5.00085547386987e-08,2.00317600764981e-05
"Bra003729",1.13502986856001,4.51928698003274,29.6668009325202,5.13060169984466e-08,2.0214570697388e-05
"Bra001122",2.86467822341874,3.38369757075511,28.9887440356716,7.28000813065153e-08,2.82205992600127e-05
"Bra040575",0.989659611364351,5.68846626245443,28.8460543291896,7.83653796652267e-08,2.98957703948263e-05
"Bra040442",2.09598746117575,4.41681298623423,28.7501029112597,8.23455447128081e-08,3.09233253379317e-05
"Bra030337",1.06954907447899,5.73086645018181,28.5918876376163,8.93557561560828e-08,3.30396345146968e-05
"Bra035574",1.65912799460664,3.03370534553649,28.2071268598275,1.09002471697386e-07,3.96934152238634e-05
"Bra020988",1.5242888862735,3.53271471320063,28.0538899722093,1.1798371550394e-07,4.22498651459643e-05
"Bra001626",-1.6816540301994,5.91233677586029,28.0106139525928,1.20651872122266e-07,4.22498651459643e-05
"Bra017676",-2.29872300460605,2.74481493297754,28.0003019034723,1.21296525550118e-07,4.22498651459643e-05
"Bra011560",-1.26731765465403,4.94281528748255,27.8944058338377,1.2811965059765e-07,4.39889668923416e-05
"Bra022680",1.7451919357202,3.42475921611549,27.6199156281718,1.47650683317855e-07,4.99807960966385e-05
"Bra017219",2.56808960149593,7.61148569070849,27.5890910401307,1.50022495350721e-07,5.00783424063782e-05
"Bra029670",1.14235910494803,4.45882226031799,27.4760120963399,1.59055105050729e-07,5.23661697916333e-05
"Bra024328",2.62995873900117,1.40984237808246,27.2243629964912,1.81161405544592e-07,5.88382867683611e-05
"Bra005104",2.65270924031538,2.71685498571501,27.013766043122,2.02011642465587e-07,6.4735304200239e-05
"Bra007718",2.94352377896073,1.49558633330326,26.9227901802521,2.11747244840724e-07,6.69622800329204e-05
"Bra036158",2.86807162853458,3.71121459409028,26.8701577814682,2.17592910258701e-07,6.79172468202287e-05
"Bra030726",2.12168173366819,2.19457231117283,26.6322896224059,2.46096284516252e-07,7.52698895865645e-05
"Bra017975",2.02945821076272,3.63160304055454,26.6219806692093,2.47412884968736e-07,7.52698895865645e-05
"Bra007694",1.42187685998902,2.63164120678975,26.5738803287082,2.53649922656418e-07,7.62027780140544e-05
"Bra016724",1.64616384425346,2.00808858423674,26.5231755275668,2.60395387646578e-07,7.72634906999735e-05
"Bra032084",0.89131071406221,4.88699260915622,26.4156734559525,2.75297526507726e-07,8.06890335620327e-05
"Bra016747",2.81299940478697,1.51838118591906,26.3898154124335,2.7900776093934e-07,8.07410190409375e-05
"Bra020656",-1.48607490361649,5.13455270158788,26.3678843333423,2.82193792104467e-07,8.07410190409375e-05
"Bra017187",3.46088593308515,1.91074255504503,26.2243713938129,3.03962079944774e-07,8.59461721105023e-05
"Bra007335",1.32373724063547,4.91179470105387,26.1193506151273,3.20951342009677e-07,8.9694704114658e-05
"Bra034852",3.36094229773627,7.71653526645262,25.9915317587708,3.42918229164452e-07,9.47321462038901e-05
"Bra032693",1.53702700341042,2.42242747230741,25.8983567583143,3.59875365517764e-07,9.82868697142494e-05
"Bra026737",0.951371438693996,5.74564065583237,25.8556121465724,3.67933374988597e-07,9.83630444328032e-05
"Bra040549",1.78611030962585,2.83858215871859,25.853482188961,3.68339602186581e-07,9.83630444328032e-05
"Bra001341",4.051033927157,2.26799521649366,25.7647567157002,3.8566691630652e-07,0.000101858446884735
"Bra032520",-1.46506037669614,5.17875663363536,25.623529988279,4.14948543745372e-07,0.000107789351280713
"Bra009869",2.4786806399304,1.80375785310864,25.613583872885,4.17092854668648e-07,0.000107789351280713
"Bra021063",1.53285370530807,3.42201917698187,25.5255819999361,4.36556030545133e-07,0.000110290263604259
"Bra014461",1.54996042491076,4.28702151884704,25.5090480676958,4.4031315442473e-07,0.000110290263604259
"Bra012711",-1.64215585775602,3.47525472421503,25.5014979382147,4.42039588877425e-07,0.000110290263604259
"Bra034778",-1.94548842923805,3.51191372311868,25.4699872148253,4.49318492585152e-07,0.000110290263604259
"Bra011000",1.25584033750381,4.4422212350592,25.4682862432832,4.49714813731273e-07,0.000110290263604259
"Bra025481",1.86069863646793,3.54078327114881,25.3290986515822,4.83361621362792e-07,0.000117344577856902
"Bra039160",-1.16794842846969,5.2106750199248,25.2848813319954,4.94570154072862e-07,0.000118864990829872
"Bra004457",-1.59076837580496,4.26342574193305,25.2512895266785,5.03259112912533e-07,0.000119755737819206
"Bra022475",2.14474370176436,4.95710837490087,25.2293785493206,5.09008978916889e-07,0.000119936488228319
"Bra023863",2.35305959258631,1.69692608915131,25.1668038895903,5.25795007499011e-07,0.000122688904953701
"Bra025250",1.94308037058044,2.36255451118629,25.0675882429042,5.53555241202325e-07,0.000127924487183237
"Bra034122",-1.54041198624122,2.08316546700075,24.5642883156701,7.18714242882825e-07,0.000164510267747103
"Bra013445",1.79727842091804,4.06406503702357,24.5142824430751,7.37610435004791e-07,0.000167242728253822
"Bra035092",0.979581982151983,5.03663734297178,24.4959370865458,7.4466698748668e-07,0.000167264732497709
"Bra024640",2.14831803923312,2.76594964477166,24.2755068241587,8.34940462109296e-07,0.000185805176540137
"Bra033713",-1.34233837261361,5.828695233309,24.2157137754813,8.61267040090136e-07,0.000189905431573636
"Bra000256",-2.5578574716911,1.47240977333005,24.1654522805531,8.84039836832281e-07,0.000193154667622064
"Bra029831",1.57270778530891,8.25685060509845,24.0468744321582,9.40187532089039e-07,0.000201917386020595
"Bra001662",1.44117365897762,3.70884621920417,24.0453173633078,9.4094812491914e-07,0.000201917386020595
"Bra028554",3.12978655086573,1.09628633201261,24.0085713459524,9.59077926202845e-07,0.000203986538746541
"Bra006015",1.43538428886757,4.27207699281235,23.9691109664531,9.78937214781071e-07,0.000206384008947792
"Bra024087",-1.41506892015391,6.98848073232026,23.9306326952828,9.98699297966985e-07,0.000208115349066563
"Bra036747",0.726252609609847,5.09822584550701,23.9195447644613,1.00446785768999e-06,0.000208115349066563
"Bra000119",-2.00410242034191,1.92238771625222,23.7890202148492,1.07493901436919e-06,0.000219337123416736
"Bra001697",-1.70467768782157,4.28321055782387,23.7855443623049,1.07688194071627e-06,0.000219337123416736
"Bra006304",1.63883526793169,2.9256591595419,23.6478070162692,1.15677659014053e-06,0.000233629987961661
"Bra006415",0.997160008746648,3.88706454732716,23.6310975431738,1.16686478942694e-06,0.000233703569575725
"Bra020975",-1.31368045504256,7.04240597135758,23.5866723262958,1.19411735491533e-06,0.000237185260396984
"Bra029887",1.32283775864416,3.01638782685492,23.4283536482075,1.2965340926536e-06,0.000255129421964511
"Bra013859",-1.04340644759583,5.4076988184591,23.4148184956602,1.30568856210513e-06,0.000255129421964511
"Bra019406",1.15743463943662,7.08595936147585,23.218044070842,1.44633867886895e-06,0.000280333095225293
"Bra022432",1.59897762876538,5.38016636864313,23.162443655601,1.48876674532442e-06,0.000286227336662175
"Bra006297",-1.27002885889533,5.31735798053964,23.1472612789555,1.50056771321603e-06,0.000286227336662175
"Bra040857",1.7518113384192,7.44562596339023,23.1013268233583,1.53684611697895e-06,0.00029083905177537
"Bra001948",-1.15032741729579,5.19427103144391,23.055222893161,1.5741430513261e-06,0.000295569953871652
"Bra004385",2.93237455803307,2.14901848804243,23.020245124367,1.60304372441133e-06,0.00029866320056203
"Bra040958",1.9609332675186,2.45959387375787,22.9188880524449,1.68983188737689e-06,0.000312410919855509
"Bra101355",1.76988244865368,2.13889658256852,22.7146939925605,1.87925322380053e-06,0.000343484218184849
"Bra039236",0.93055697159893,4.63798724447497,22.7020958633808,1.891614359786e-06,0.000343484218184849
"Bra013723",-1.40862234828412,3.16618953976384,22.6928054066488,1.90078226756199e-06,0.000343484218184849
"Bra031784",-1.54355488322247,5.26672999397697,22.652211439167,1.9413664952435e-06,0.000348200017512555
"Bra006498",-2.03830033276968,4.4873090568203,22.5785010370878,2.01729447001917e-06,0.000359138187351414
"Bra008873",1.74511933187054,1.98853287981745,22.5455435781068,2.05220040359299e-06,0.000362666062499662
"Bra001090",1.71347275927139,10.1789212643321,22.4854349955648,2.11743040294275e-06,0.00037146220660092
"Bra102159",-1.73755621421318,2.23442427981334,22.385036287897,2.23105524361559e-06,0.000386764364495918
"Bra040309",-1.55592351356427,3.13012455560663,22.3800618392221,2.23684141902857e-06,0.000386764364495918
"Bra008857",1.02656286671069,4.48173120968067,22.3082244184174,2.32209948737338e-06,0.00039863813628237
"Bra039976",-1.37034585380945,7.38604837593269,22.2267270230393,2.4227764981823e-06,0.000412971704661797
"Bra003375",-0.908679510243134,3.99666235537342,22.2108617108614,2.44287898551416e-06,0.000413295095250912
"Bra010788",1.79485483946209,4.39011525815468,22.1961617043876,2.46165426984802e-06,0.000413295095250912
"Bra014302",-1.14746060873018,6.14227612233972,22.1848018403571,2.47626253291717e-06,0.000413295095250912
"Bra002220",-1.42939348105765,5.83643261750839,22.1419785049121,2.53211759384365e-06,0.000418062777612946
"Bra102732",-1.07531306119543,3.45680103487727,22.1363007644577,2.53961743910669e-06,0.000418062777612946
"Bra020340",-0.982690161139798,5.4415138493492,22.0952777459314,2.59447192987245e-06,0.000422016810327299
"Bra018347",-1.93501656698374,5.570540942017,22.0921110431854,2.59875542683033e-06,0.000422016810327299
"Bra021681",1.14540833334113,4.10799231859038,22.039859935814,2.67046705438837e-06,0.000430751712652148
"Bra022717",0.973546237152002,5.25924745025245,22.004848260645,2.71962613334277e-06,0.000435641295505486
"Bra003418",2.05793163006643,1.81850086670916,21.9926033652578,2.73703235505236e-06,0.000435641295505486
"Bra012833",1.31011586034792,3.81669530707302,21.9788593512409,2.75670275677826e-06,0.000435885487213215
"Bra101799",-1.51080056030994,2.26478455310829,21.8512288109577,2.94627860886209e-06,0.000461038590146257
"Bra001728",1.83679773192397,1.24359140966271,21.8461119129639,2.95414591339451e-06,0.000461038590146257
"Bra020993",-1.55233712687815,3.7051585755791,21.763275060921,3.08448171108049e-06,0.000478273764155539
"Bra038949",1.25320089267026,4.89503372791223,21.6263579452804,3.31268055049157e-06,0.000510365156093041
"Bra008038",1.36491274003187,3.93011161449695,21.6011586938632,3.35648999345647e-06,0.000512818473305733
"Bra010153",1.29125171679687,2.56753285080118,21.5869693136158,3.38141388670705e-06,0.000512818473305733
"Bra003953",1.22396051549574,2.76271688493741,21.580625905116,3.39261617939634e-06,0.000512818473305733
"Bra012805",-1.08340598066379,3.9894963506051,21.5560193092147,3.43642430607342e-06,0.000516193886076053
"Bra001484",0.852989568042943,5.31761924321938,21.458268698709,3.61613284669829e-06,0.000539814514518924
"Bra029740",2.04508079181798,2.50222839749359,21.2980597173494,3.93129211145557e-06,0.00058158744306797
"Bra003450",0.850974128820419,4.90836932156017,21.286218021747,3.95565258927788e-06,0.00058158744306797
"Bra019246",3.37636692324325,3.26458396362265,21.2799739294666,3.96855873608834e-06,0.00058158744306797
"Bra024318",1.04754275091187,3.4072296421636,21.2647565555825,4.00018934981038e-06,0.000582670005050562
"Bra039735",1.10592279022913,4.80833985123715,21.2511926040383,4.02859637403845e-06,0.000583272802732771
"Bra000937",1.1980957237405,3.6540623372025,21.2155413275826,4.10423001263501e-06,0.000590665054632754
"Bra019320",1.74103602648481,3.32213805628279,21.2020209345733,4.13328456109352e-06,0.000591305721079295
"Bra029869",1.5649601528109,2.0820428546657,21.1901159618693,4.15903850447208e-06,0.000591469416665575
"Bra019193",-0.840088941741821,5.30307676997918,21.1605119665976,4.22378090898772e-06,0.000597143237450652
"Bra008357",1.10848952790576,3.99787417248486,21.1443219158672,4.25961452238322e-06,0.000598687575619639
"Bra025668",1.13165061832296,6.45655608254282,21.1123671432635,4.33123816910606e-06,0.000601104518225027
"Bra009285",-2.35134526997272,2.86988245515531,21.1045472201417,4.34894909926041e-06,0.000601104518225027
"Bra019121",0.912981290040154,4.66957512041107,21.0994597024614,4.360510553143e-06,0.000601104518225027
"Bra023414",-1.03987027689512,4.23955009444428,21.0889000185058,4.38460612637185e-06,0.000601104518225027
"Bra000777",-3.16136800989635,1.31808769832622,21.0813727056846,4.40186382656257e-06,0.000601104518225027
"Bra036160",0.790129242897522,5.53446218164665,21.0574430344685,4.45718096407733e-06,0.000605219702206975
"Bra036192",1.86762510620575,1.76976722720239,21.0099299117792,4.56909130284901e-06,0.000616930002093669
"Bra038611",1.39560598650512,5.02961785555001,20.9683979667632,4.66922132840545e-06,0.000626322464413964
"Bra011033",0.972621575875623,6.09110272210742,20.9595756267401,4.69077322104159e-06,0.000626322464413964
"Bra000111",-1.42885991920862,7.3417350668298,20.8979210489138,4.84420056460484e-06,0.000643234897070236
"Bra040573",1.03999157974434,8.057779807909,20.8569302211635,4.94898367558695e-06,0.000653215153680702
"Bra036869_Bra036870",1.14801130286101,3.50953356561448,20.8473807702354,4.9737194442693e-06,0.000653215153680702
"Bra038480",-1.69982802441136,3.83065679845252,20.7970126553297,5.10625505457341e-06,0.000666976815117486
"Bra018084",-1.36036087548262,3.48911984418476,20.7361447857097,5.27115818844704e-06,0.000679666791927447
"Bra026860",1.84615518887063,3.14732692759109,20.7346302657217,5.2753287719129e-06,0.000679666791927447
"Bra011425",2.32696821911,1.9990796886937,20.7299472877352,5.28824540610937e-06,0.000679666791927447
"Bra024717",2.16225145463757,2.77238083587985,20.676738789578,5.43725394043947e-06,0.000695100857470862
"Bra007240",0.837221462156552,6.04670374508046,20.6480247362976,5.51940994359031e-06,0.000701870362879627
"Bra024216",1.08720596242383,4.58509267762956,20.6174372555228,5.60829719576115e-06,0.000709420077910123
"Bra032824",1.98640821538205,1.98683467342029,20.6023517318281,5.65266337035674e-06,0.000711288541587193
"Bra010857",-1.80454896176386,1.45083654658225,20.5854834693804,5.70268985243765e-06,0.000713846082882742
"Bra003560",0.81045366483934,5.53494597572061,20.5473559342306,5.81740886941762e-06,0.000724433185324264
"Bra006337",-0.986872880124425,4.2998498402355,20.4978153711656,5.96993504393776e-06,0.000739594942505155
"Bra011965",1.32772618524585,4.96275818135781,20.3704233956223,6.38084120889625e-06,0.000786446859562115
"Bra037992",0.831443702924057,6.26071031140606,20.2587107123991,6.76447689661389e-06,0.000829476723128665
"Bra015274",-1.87988529555474,6.06214771091569,20.2216233081624,6.89689272998301e-06,0.000841420913057928
"Bra024920",0.723175596979309,5.59275189957899,20.1440810808783,7.18221554187301e-06,0.000871804890572606
"Bra038486",1.48372545899038,3.76273488216042,20.1083852721914,7.31751511173831e-06,0.000881094549080993
"Bra005221",1.59498757389348,7.61539857062268,20.1045854834916,7.33206748007817e-06,0.000881094549080993
"Bra024118",1.63660438348781,2.73377489803047,20.0894509056389,7.39031851684358e-06,0.000883676195193128
"Bra001891",1.4531174345404,7.8313141717135,20.0586041394917,7.51048615445867e-06,0.000893599129882474
"Bra008540",0.974135576871468,6.72148936739456,20.0073607197242,7.71446336910153e-06,0.000913346860162494
"Bra000222",-1.84883096321367,1.72984851818369,19.9432089504103,7.97768092174616e-06,0.000937059559863016
"Bra000301",-0.923795829821784,4.47729613599337,19.9375919320837,8.00115271049319e-06,0.000937059559863016
"Bra010895",2.54132938067601,1.3653069525845,19.9233677718121,8.06090164001872e-06,0.000937059559863016
"Bra000261",1.47773139982213,2.8927221615584,19.919130966697,8.0787848724323e-06,0.000937059559863016
"Bra014247",1.81218912494234,2.64684524756266,19.9118302558833,8.10969411881115e-06,0.000937059559863016
"Bra039968",-1.2913862919048,3.29135891147905,19.865539127778,8.30846031859661e-06,0.0009550265854074
"Bra017035",1.42765165048454,4.32704389886879,19.8572280764597,8.34466101920421e-06,0.0009550265854074
"Bra023710",-1.61057537355479,2.08548032909259,19.7895691733296,8.64531890574598e-06,0.000984203985814348
"Bra020157",1.0122284014915,3.49103982676485,19.7725180033258,8.72279042455655e-06,0.000984203985814348
"Bra012198",2.88967095228215,6.8731221019879,19.7653766679321,8.75544361409362e-06,0.000984203985814348
"Bra034157",0.843281836604937,4.49392038822399,19.7636397541455,8.76340405110554e-06,0.000984203985814348
"Bra101750",1.28176065970342,2.89622072534244,19.7305871624153,8.91627960757037e-06,0.000996715646922541
"Bra013667",1.60489720661788,2.09613681045307,19.7136053844004,8.99586243110354e-06,0.000998612823355263
"Bra021114",2.84322898529074,1.81566663821889,19.7092578207745,9.01635111375934e-06,0.000998612823355263
"Bra035230",0.739297114223034,5.95139876721518,19.6207053153536,9.44401936727066e-06,0.00104118147464671
"Bra004991",1.45848126076804,4.37443177468974,19.565789952471,9.71940811215828e-06,0.00106664956423567
"Bra002423",1.16308761403107,5.68999239342516,19.4285862098617,1.04432171488782e-05,0.0011373921336618
"Bra008951",1.50841953483445,2.6375478534351,19.4257623369848,1.04586694490828e-05,0.0011373921336618
"Bra013120",1.38160409436813,7.1164725701813,19.4069742123406,1.05620646715811e-05,0.00114346244286838
"Bra010890",1.11667095717383,4.18195048859343,19.3901621903882,1.0655454813108e-05,0.00114840000438672
"Bra030430",1.86115427020867,1.49422235629504,19.3778930024246,1.0724132636343e-05,0.00115064198116905
"Bra015641",1.30139557033688,4.05615229663181,19.3674519712245,1.07829271576556e-05,0.00115180831692042
"Bra003007",2.85103212375956,8.44594674515784,19.337188960243,1.09551763868449e-05,0.00116502968708597
"Bra015436",1.13143158249652,6.63869149784689,19.3164520475874,1.1074798197313e-05,0.00117092438465014
"Bra020854",0.87949388072483,3.54772602694393,19.3107284729091,1.11080452567293e-05,0.00117092438465014
"Bra011994",1.12668876033873,3.21834242313919,19.2719906932411,1.13357150492946e-05,0.00118970556984605
"Bra003320",-3.24813556793806,1.82569323302387,19.2323081333233,1.15737972502643e-05,0.00120901335201207
"Bra024901",1.23368391554606,3.37355602207679,19.2246544161205,1.16202914335853e-05,0.00120901335201207
"Bra012948",1.87128323965356,1.97095548192915,19.1681451589741,1.19694241839652e-05,0.0012365003856096
"Bra004712",-1.91280412626684,3.45824214706508,19.1652844979667,1.19873757945842e-05,0.0012365003856096
"Bra024559",-0.892427732686413,5.01805115907319,19.1500897079096,1.20831824096656e-05,0.00124105643604232
"Bra034739",-1.93357568496433,6.37754178058804,19.0986566295977,1.24132230549439e-05,0.00126765214062481
"Bra011096",-1.11787739014555,4.67979701673512,19.0933767195676,1.24476119325728e-05,0.00126765214062481
"Bra027521",-2.06817241774158,4.48294087141831,19.0352869527656,1.28323355419711e-05,0.00130131794268242
"Bra006985",1.57564080803601,7.12945338321224,18.9950983058414,1.31054688130429e-05,0.00132343209013728
"Bra033532",-2.15420659690045,1.90805292003517,18.9799330986705,1.32100464566232e-05,0.00132841111522378
"Bra018555",-1.61255240465277,1.56127429132093,18.9407763408465,1.34839594113992e-05,0.00134567693094466
"Bra039217",0.947074672167171,5.97283234526161,18.9335496423597,1.35351323209856e-05,0.00134567693094466
"Bra023711",-1.60091676936757,5.22966477958548,18.9314954761132,1.35497136260551e-05,0.00134567693094466
"Bra025497",1.04934443225151,3.9227566457522,18.9145161332845,1.36708456109588e-05,0.00135211976713492
"Bra013647",1.3102258262164,3.57874144557836,18.8760288167483,1.39494592031943e-05,0.00136256055173543
"Bra038899",1.62181321584637,3.75620260106423,18.8741537780959,1.39631775500662e-05,0.00136256055173543
"Bra004491",2.83255181362709,2.25138321689511,18.8729307216965,1.3972133099228e-05,0.00136256055173543
"Bra015499",0.996435069107288,5.44616410413754,18.8637352329224,1.40396499376151e-05,0.00136256055173543
"Bra004982",1.57481237444534,4.03590476969902,18.8609894206571,1.4059874212798e-05,0.00136256055173543
"Bra012910",1.22465340657459,4.14338673959607,18.8379435631334,1.42307759364691e-05,0.00136977740747858
"Bra029650",-0.941743833260846,5.31063001402949,18.8355922457197,1.42483295277376e-05,0.00136977740747858
"Bra023506",-0.798398009219608,6.08690347333356,18.82523010847,1.43259467708364e-05,0.00137175220992144
"Bra017117",2.44551328411716,3.08814972205195,18.7841007804484,1.46382354116097e-05,0.0013960926582644
"Bra007096",-2.09276007897331,1.54524858810148,18.7714469160807,1.47356828021684e-05,0.00139983162240045
"Bra009840",-1.78919129416783,4.37176766492128,18.7563298975232,1.48529534561479e-05,0.00140541686364197
"Bra019741",-2.28939686450124,7.82597164408631,18.6720548388513,1.5524110548262e-05,0.00146316263888991
"Bra002753",1.11775976285997,3.06555981789001,18.6468611551488,1.57306036787752e-05,0.00147683331568627
"Bra003999",1.32914910144396,4.59186870929773,18.6241539217585,1.59190801900498e-05,0.00148871273652785
"Bra011671",2.77386937458527,8.52742073827589,18.5953423742606,1.61614927565204e-05,0.00150552448414811
"Bra027319",1.79096848187472,4.01654332196654,18.5515197430646,1.6537332615161e-05,0.00153458784584085
"Bra036198",-0.89407637425369,5.53505537459131,18.5379974854204,1.66550678450975e-05,0.00153956884841951
"Bra012524",1.48799151406423,3.44350688527687,18.5287584848633,1.67359935151037e-05,0.00154112210016093
"Bra000875",2.3466913427994,4.55195877318461,18.4976990038562,1.70109547740766e-05,0.00155715294262631
"Bra024807",-1.06661338901616,7.09361719614888,18.4944854279419,1.70396614758558e-05,0.00155715294262631
"Bra014550",2.86545584259584,5.67741805719269,18.4515125237193,1.74282452307113e-05,0.00158663047679892
"Bra003592",0.7984999868854,4.9788089769217,18.4277846424937,1.76466070667434e-05,0.00160044737449854
"Bra003978",1.83187894651524,1.91071243933547,18.3659769134846,1.82283996312449e-05,0.00164699758171932
"Bra021430",-1.15283745752681,5.25722418569552,18.35105523844,1.8371720314135e-05,0.00165373006003716
"Bra008885",-1.7623026806742,1.40039349256236,18.3236916444739,1.86374917951346e-05,0.00167001889454976
"Bra027405",1.68019772755742,1.63003081686674,18.3181638038667,1.86916486075512e-05,0.00167001889454976
"Bra018995",1.04884536282677,5.45172182808391,18.3096680368011,1.8775190845748e-05,0.00167127013624707
"Bra012655",1.12904756291358,2.75782316757226,18.2527128376481,1.93450237870279e-05,0.00171563948965841
"Bra022448",1.05577703085887,7.73143091581114,18.2424561242296,1.94494725988034e-05,0.00171836977648035
"Bra020505",-1.54047344845672,2.89766936254549,18.2338113371851,1.95379462857095e-05,0.00171836977648035
"Bra012435",-2.2846835372501,2.26746206645949,18.2287141469956,1.95903020202886e-05,0.00171836977648035
"Bra011299",1.07932365884679,4.20765727646578,18.1926298454114,1.99649943428324e-05,0.00174486790558412
"Bra009717",-2.53208042337543,5.09382658676117,18.1813099015353,2.00840155868352e-05,0.00174891025584781
"Bra013123",2.87756419007433,8.23498325802346,18.1651096578064,2.02555908841784e-05,0.00175236301099304
"Bra035326",1.14116219301591,3.59853029176724,18.1638033586933,2.02694897668331e-05,0.00175236301099304
"Bra018177",0.740631509466341,5.55314504543433,18.149722640838,2.04199167215618e-05,0.00175904042468106
"Bra000376",-0.695503264235582,5.22831276156834,18.130877231201,2.06230023229634e-05,0.00177019013510751
"Bra030429",1.54610955638967,9.28959215413158,18.1223990682869,2.07150269556919e-05,0.00177176141584733
"Bra036774",1.04574207574151,5.73964124230762,18.1087534661144,2.08640077319865e-05,0.00177817575117221
"Bra011805",1.22272147322771,3.96493092661604,18.0757278411951,2.12290476147988e-05,0.00180289374690486
"Bra038746",-1.79992521034046,3.47912476247741,18.0476855456388,2.15440388316319e-05,0.00182033309321876
"Bra021142",0.76096729127024,5.01530649898719,18.0394264435978,2.16377030635883e-05,0.00182033309321876
"Bra019407",0.787624989182619,5.21317678402617,18.0325127643876,2.1716423727467e-05,0.00182033309321876
"Bra003444",1.28293567594427,2.81842613224336,18.0306786748891,2.17373553197047e-05,0.00182033309321876
"Bra005208",1.38087339666928,6.22938538700596,17.9967701654548,2.2128009321819e-05,0.00184608836113462
"Bra028443",-1.09580582212356,4.11070351613859,17.9907129182517,2.21985327605853e-05,0.00184608836113462
"Bra021636_Bra021637",1.62825004825357,7.53852981356759,17.9826751663478,2.22924636277008e-05,0.00184750714078676
"Bra016432",2.2041183661123,2.76094348059961,17.9379733089539,2.28221927191546e-05,0.0018808735555378
"Bra004026",1.07876790009528,4.18459105629506,17.9305201394641,2.29117369437792e-05,0.0018808735555378
"Bra003687",-1.5792844142807,7.0025070797039,17.929016285338,2.29298473734117e-05,0.0018808735555378
"Bra003979",1.6698720267696,1.98856167972902,17.8751643499719,2.35879364738418e-05,0.00192827369119834
"Bra004517",1.4837491218794,2.04117087424402,17.8551577423952,2.38372303738726e-05,0.00194204744001916
"Bra011963",-1.01787352084621,4.40775071230845,17.8346099430552,2.40960238771549e-05,0.00195649945224169
"Bra000586",0.976428658317716,3.19964901691959,17.8174838806802,2.43138774310047e-05,0.00196754117904635
"Bra029416",-1.35430003433159,4.48789711254304,17.8017443787804,2.45158379516706e-05,0.00197722701117601
"Bra030759",-0.812034402337777,4.99773578934551,17.7785271240833,2.4816830082653e-05,0.0019948083418277
"Bra014622",1.31772574204333,4.0765501195639,17.7401231022507,2.53228790959056e-05,0.00202800326407901
"Bra010638",-2.38725946411041,2.52214435937224,17.7344460875471,2.53985596441617e-05,0.00202800326407901
"Bra004933",0.776590627082691,5.45289580300325,17.7124704849576,2.56936663035096e-05,0.0020447734302601
"Bra017210",1.47203064435314,7.82872719364531,17.6796271839921,2.61411487561589e-05,0.00207351937031526
"Bra025518",-0.868533005701925,6.63949414147881,17.6457043889048,2.66115627918191e-05,0.00210388914519269
"Bra021208",0.923675276401406,4.08427220460565,17.6339201468096,2.67769602698245e-05,0.00211002446926217
"Bra010398",-0.917506217284003,7.99997474208708,17.5528696564244,2.79428758599136e-05,0.00218808128790217
"Bra030498",0.881812907754036,7.361445324967,17.54710308203,2.80277467239393e-05,0.00218808128790217
"Bra031281",1.53731646807805,5.69433553199574,17.5462277483901,2.80406522706943e-05,0.00218808128790217
"Bra041036",2.10449477872189,7.16535907567465,17.5346947805377,2.82112481551973e-05,0.00219096655857671
"Bra012056",1.99634596566825,3.46461801610505,17.5314152120878,2.82599497860856e-05,0.00219096655857671
"Bra040544",1.68196065084443,3.1308123222983,17.5144202630568,2.85136816148181e-05,0.0021968113785726
"Bra012309",1.80521349432817,2.63976271357105,17.514122520226,2.85181472128922e-05,0.0021968113785726
"Bra023862",-1.10710122357579,2.90455237338719,17.4975951516931,2.87671329721377e-05,0.00220891141805865
"Bra034539",0.649614011193388,5.53800674619091,17.4807539201704,2.90230945045654e-05,0.002214755117677
"Bra006694",0.95821425289457,4.61263914516227,17.479657454288,2.90398382837956e-05,0.002214755117677
"Bra031152",1.05607156717936,2.70098938181496,17.4744371249529,2.9119689489304e-05,0.002214755117677
"Bra006644",-1.949927306914,2.09688888762077,17.4500310999634,2.94959462270091e-05,0.00223629517861179
"Bra033881",1.27514189977415,8.22407336492621,17.4382765375526,2.96789004374677e-05,0.00224309022991855
"Bra036480",1.40957930587615,8.44895590053059,17.4198854307451,2.99674401277461e-05,0.00225779766780642
"Bra024238",-2.37411942146753,7.6016811914784,17.4006301426933,3.02725596030416e-05,0.00227013359350296
"Bra025450",0.986710422450187,5.20762738349223,17.3976486093923,3.03200833616731e-05,0.00227013359350296
"Bra038735",-0.644700789620713,5.67472043060421,17.3804691791515,3.05953769668427e-05,0.00228363133546925
"Bra001865",0.999899215626847,3.63662657973647,17.3437198379369,3.11927347415484e-05,0.00232100986618691
"Bra100459",-2.62896212449494,5.10081069238565,17.298513960951,3.19436564822515e-05,0.00236954888856307
"Bra029505",1.26177130755039,6.35235217509081,17.2720706491578,3.23913054378388e-05,0.00239536195351698
"Bra018311",1.59299252713254,8.1360403813779,17.2346102940187,3.30362720413753e-05,0.00243556368786017
"Bra003887",1.71172153020766,1.6769502864386,17.2280391657644,3.31507327085651e-05,0.00243652816488579
"Bra027938",1.38575335628327,2.01573053341779,17.2118238823381,3.34348905334149e-05,0.0024499212167076
"Bra003647",0.987374940984743,4.92542310600677,17.1966751169438,3.37025701474689e-05,0.00246202909095522
"Bra026260",2.4147572477751,7.72357460177477,17.1901289785907,3.38189063109209e-05,0.0024630411947778
"Bra033277",-0.748347006215933,4.27374741324283,17.0547313325689,3.63177752450532e-05,0.00263654827200658
"Bra007164",1.05995990494999,5.03652069530396,17.0493596135821,3.64206551679364e-05,0.00263654827200658
"Bra039974",3.57357918676968,3.0571397844526,17.0379978655861,3.66392230747071e-05,0.00264440566780033
"Bra016011",1.85196398271908,1.56084208264588,17.0179652449987,3.70278108015654e-05,0.0026644503137869
"Bra016788",-0.699217657425187,4.10021067336026,17.0008581306324,3.73629281054548e-05,0.00268053914652687
"Bra026089",0.882706107949395,4.26970707644973,16.9888324447166,3.76003267792077e-05,0.00268204411728452
"Bra001921",2.33892179858045,7.26791717785202,16.9884908260218,3.76070927654524e-05,0.00268204411728452
"Bra012021",2.07938099934212,4.65498042699522,16.9737883462191,3.7899447906468e-05,0.00268538459050557
"Bra016448",-0.942613763709776,6.85969885017491,16.969804899716,3.79790503530078e-05,0.00268538459050557
"Bra015700",0.75859781524766,4.41887753116343,16.9693010736581,3.79891304307187e-05,0.00268538459050557
"Bra013669",1.6824396778467,2.35213016357713,16.9535732780758,3.83051533459567e-05,0.00269978315400799
"Bra002634",-0.820576009555788,4.83605072473973,16.9469256690338,3.84395188567342e-05,0.0027013315678443
"Bra024621",1.35037543918783,2.87138502828428,16.9224509008941,3.89383140611113e-05,0.0027280409235179
"Bra018479",-0.982792897410869,7.37877803653056,16.9171790105829,3.9046603881591e-05,0.0027280409235179
"Bra007142",1.45840817959487,2.88550422801465,16.9075884847824,3.92443796463887e-05,0.00272816706332096
"Bra015815",-1.01470957471072,7.90600597208361,16.9060869678073,3.92754349633458e-05,0.00272816706332096
"Bra020203",1.80748597873835,6.32588435155327,16.8954579623159,3.9495978272156e-05,0.00273558023571469
"Bra013579",1.44393184055146,4.71970667728604,16.8791990954617,3.98357477926442e-05,0.00275017425248656
"Bra009106",0.950730121011587,2.57782597314228,16.8744501628521,3.99355419038782e-05,0.00275017425248656
"Bra017222",-1.08976968934553,6.06283927299556,16.8635465377546,4.01656227609263e-05,0.00275378515610541
"Bra031050",1.23188632433542,3.94253156260377,16.8611140194423,4.02171336353915e-05,0.00275378515610541
"Bra036599",1.89552363278531,1.31483215083656,16.8339131162581,4.07976816910078e-05,0.00278560080045932
"Bra033357",1.94725217021811,3.03805764611537,16.8187450224645,4.11250650686922e-05,0.00279285075528407
"Bra000430",0.937664218316079,4.2284530878048,16.8130759187193,4.12481021099156e-05,0.00279285075528407
"Bra024006",-2.01220050516263,3.39274884085594,16.8128746796241,4.12524764136575e-05,0.00279285075528407
"Bra009334",-0.768283274454108,5.01137752490478,16.792903958436,4.16889046222871e-05,0.00281446947666306
"Bra031132",1.12020146923076,6.20148191039286,16.7856907843548,4.18476755135923e-05,0.00281727460306352
"Bra018559",-0.851779770227302,4.64130561298073,16.7742217220048,4.21013764300759e-05,0.0028264370981018
"Bra026695_Bra026693",0.794035217963259,4.9831036614272,16.7593020303243,4.24337223662879e-05,0.00284081360265004
"Bra023027",1.58295667263369,2.44869069224884,16.7415785345171,4.28319542729497e-05,0.00285950885832243
"Bra027035_Bra027036",1.22917556129948,7.99341441423951,16.7244959129057,4.32193419705755e-05,0.00287737857318785
"Bra020675",1.31265149212249,4.65699529376409,16.7087678332267,4.35791262248956e-05,0.00289331690521862
"Bra014876",-1.59343976126673,2.1361475113563,16.7035235090577,4.36997597903619e-05,0.00289333340716682
"Bra013205",2.09112790962885,2.87837591575483,16.6606612913693,4.46983757473972e-05,0.00295132077668391
"Bra022923",1.60629475434746,4.94675334262611,16.6435513455653,4.51033866058048e-05,0.00296990354433948
"Bra015166",-1.02137439729786,6.71988938580545,16.6327032104184,4.53620828364658e-05,0.00297877677292792
"Bra010827",-1.60128069960107,3.17352224997846,16.5991748302256,4.61711053965155e-05,0.00302364127275164
"Bra033901",1.21169106660038,7.82966495150982,16.5741005687639,4.67856022194488e-05,0.00305007930920912
"Bra008018",1.2051920180157,4.59871155142321,16.5723573115453,4.6828628821593e-05,0.00305007930920912
"Bra038663",1.97277830179992,1.50816222038226,16.506084201233,4.8494211640603e-05,0.00315002670964933
"Bra016854",-2.00936421040584,2.51161785911978,16.4851647746537,4.90322315626858e-05,0.00317638990128731
"Bra007921",1.87540497855685,2.29334531311036,16.4728311712657,4.935224372193e-05,0.00318852641293781
"Bra016792",-1.07821859141017,3.99194191887356,16.464972047027,4.95572540181328e-05,0.00318896844867779
"Bra029069",0.790695461946867,4.79443595727115,16.462402915225,4.96244570111297e-05,0.00318896844867779
"Bra040642",1.02659998964508,3.57909707471103,16.4371414413062,5.02901430298876e-05,0.00322312879354752
"Bra019856",2.09631063856521,1.75027834227695,16.3763774159248,5.1928398323619e-05,0.00331927426944111
"Bra010049",1.25702508800489,2.82199501762453,16.3614231978743,5.23397408683206e-05,0.00332304665231589
"Bra032383",1.88349706923731,3.65676605709773,16.3608775096291,5.23548128060091e-05,0.00332304665231589
"Bra023508",-1.81822401679797,2.42388087187069,16.3591625466561,5.24022085889873e-05,0.00332304665231589
"Bra035117",1.4426107890621,5.39511987307004,16.3518272478326,5.2605418888603e-05,0.00332582803886489
"Bra015913",1.06405890913578,4.49976181518132,16.347602045684,5.27228294419374e-05,0.00332582803886489
"Bra039084",0.88684761998847,3.52666823129438,16.323199595409,5.34061027267984e-05,0.00336011066213579
"Bra027243",-1.1203944319093,8.01370563568511,16.3104343152008,5.37670732594343e-05,0.00337398913503197
"Bra004446",0.904097187123973,3.10223474874524,16.2207346673631,5.63737096807796e-05,0.00352834827726005
"Bra003692",1.27917083286254,2.96672490272388,16.1779038022987,5.76628211465567e-05,0.00359373725136575
"Bra039061",-1.06139091441084,7.3632896211287,16.1744001417783,5.77695760345516e-05,0.00359373725136575
"Bra024659",1.07891400706711,6.38223669945273,16.1689038896684,5.79374448615217e-05,0.00359373725136575
"Bra006211",-0.838039083044543,4.81452636645038,16.1663190347161,5.80165621007702e-05,0.00359373725136575
"Bra033040",-1.44917898778785,2.6201560712979,16.1413375454431,5.8786817269506e-05,0.00363208834512933
"Bra009866",-0.959178633330224,5.58608771245205,16.1247832429415,5.93028941788059e-05,0.00365457886844467
"Bra035476",-1.42551199032543,2.87707986453295,16.1050885933028,5.99228091911495e-05,0.00367675181914089
"Bra000064",1.43892997178117,5.30093394438532,16.103640145547,5.99686574479167e-05,0.00367675181914089
"Bra020672",-2.34234331428403,3.90254251675166,16.0919535435103,6.03398708364979e-05,0.00369009785161422
"Bra003485",-0.766399174111672,6.25653135425962,16.0714028934903,6.09982560375243e-05,0.00369789666659403
"Bra014819",-1.77752105990337,6.69860023177192,16.0709451800728,6.10130018534263e-05,0.00369789666659403
"Bra015567",1.06642818413146,2.83475471675956,16.0704320216682,6.10295381624851e-05,0.00369789666659403
"Bra019866",0.682407414182696,5.68146428390903,16.0687788984582,6.10828400032383e-05,0.00369789666659403
"Bra012880",1.17702920452972,2.78792594015086,16.0493120416481,6.17140452032306e-05,0.00372672201611669
"Bra029407",0.724121762151562,4.24335657899781,16.0216637667852,6.26218218144807e-05,0.00377011107247936
"Bra009384",0.935189537582473,4.45726051935165,16.0179041615403,6.27462939582152e-05,0.00377011107247936
"Bra028912",0.841453595914966,4.36869257344595,16.0089419734409,6.30440165612086e-05,0.00377855335170097
"Bra002260",-0.689948980909926,5.87321296306252,15.9953408818678,6.34985594515328e-05,0.00379632929815457
"Bra019846",-1.87172083953155,6.11730187573384,15.9565049988238,6.48146641545977e-05,0.00386539860618263
"Bra016144",-0.801045154741375,5.731531787426,15.8782164462245,6.75517812400284e-05,0.00400892565196907
"Bra100032",1.8433025532914,1.85287559782497,15.8781285815563,6.75549175770772e-05,0.00400892565196907
"Bra035662",1.46101999339512,1.82403919702883,15.8666564713119,6.7965676128081e-05,0.00402135742206893
"Bra016927",1.21266336151214,2.85674151059151,15.8629465671451,6.8099045967465e-05,0.00402135742206893
"Bra031622",2.26913248354362,0.813912963546534,15.8502148643239,6.85587516462316e-05,0.00403858097319983
"Bra013893",1.22986821183939,3.52065849533509,15.8425278145237,6.88378191931561e-05,0.00404510549263646
"Bra004334",-0.636254345101331,5.20525367358052,15.8208889287879,6.96295393236031e-05,0.00408164962952067
"Bra014984",1.63932114294521,8.35589061075986,15.7956702885565,7.05638007149695e-05,0.00412635130506953
"Bra007910",1.07088089195776,3.25521342713806,15.7812701527264,7.11029201015905e-05,0.00414712591136997
"Bra027237",1.71398969402528,1.81079910228275,15.7769844901456,7.12641674875509e-05,0.00414712591136997
"Bra026622",1.27616780805899,2.9370513616561,15.767611055694,7.16181247572732e-05,0.00415765702999107
"Bra000165",1.64534258340734,3.97367664429799,15.7364466717938,7.28077105245714e-05,0.00421653136083747
"Bra015730",-0.836098311221821,4.44914509479967,15.7078439725375,7.39170000718269e-05,0.00427048360511127
"Bra010642",-0.988374115848311,4.49151294546146,15.6805666739467,7.49907229567528e-05,0.00432052793086325
"Bra022870",1.13696491151727,6.21876431741716,15.6767364886063,7.51427425772172e-05,0.00432052793086325
"Bra007662",-0.810396375717618,5.74773194793097,15.6490992708407,7.62488889179095e-05,0.00437366538485212
"Bra033980",-1.55386612720595,5.26263577050136,15.6082105030585,7.79155320764552e-05,0.00444958748134864
"Bra040930_Bra040931",0.695653302598955,4.63653216861583,15.6075497969984,7.79427614898801e-05,0.00444958748134864
"Bra009994",-0.964882948842193,4.25969759962217,15.5412563886684,8.07241312447184e-05,0.00458831675768378
"Bra039495",1.13647616576757,4.24654608594425,15.5392477279382,8.08099465572074e-05,0.00458831675768378
"Bra032810",1.24089234636923,2.78850334029286,15.5360771282346,8.09455898001965e-05,0.00458831675768378
"Bra026483",0.93618014419211,4.92339909039598,15.5185586123512,8.16991995434654e-05,0.00460641486948106
"Bra024927",1.32076531881097,5.89540611839875,15.5162219109853,8.18002516759935e-05,0.00460641486948106
"Bra039693",1.2481091337523,2.36891637779434,15.5149263319586,8.1856333992737e-05,0.00460641486948106
"Bra009724",1.46573337117318,2.18204454466112,15.5108850254284,8.20315205183445e-05,0.00460641486948106
"Bra011784",-2.6006606655346,1.75923152523912,15.4892117665558,8.29774906826067e-05,0.00464693041441962
"Bra037640",-0.752078053499577,5.158368117253,15.4855198485017,8.31397219855386e-05,0.00464693041441962
"Bra034120",0.778641291042483,5.02997096504228,15.4776217524211,8.34878547542896e-05,0.00465556171963944
"Bra030018",-2.07196665013426,6.75455534233679,15.4656139597675,8.40199470799693e-05,0.00467438751879626
"Bra018986",0.952618429003495,7.88579241319113,15.4437220421147,8.49988237803988e-05,0.00471393907060647
"Bra036631",1.33874511345936,2.62334687474643,15.4409599545852,8.51231404112178e-05,0.00471393907060647
"Bra003775",1.2076957776842,3.56465224528073,15.4082654673784,8.66086343787896e-05,0.00478517682450535
"Bra013009",1.51017907347832,6.19868324581644,15.3998708291429,8.69942403954652e-05,0.00479545773776287
"Bra037456",1.04096856087165,3.49532426969133,15.3724550638973,8.82656524578294e-05,0.00485440890428255
"Bra025911",1.18651493961153,2.37756211991459,15.361002207744,8.88023024326228e-05,0.00487277291476177
"Bra100355",0.983981868722432,4.2711385672425,15.3446388095761,8.95747486448812e-05,0.00490396243492272
"Bra040650",1.19854267409647,2.11614013407554,15.3309190904,9.02276065134283e-05,0.00491466857606265
"Bra035334",2.3643795655352,4.67275333407542,15.3278155606058,9.03759519185289e-05,0.00491466857606265
"Bra036788",-1.81466345245208,4.12430827910783,15.3222503589119,9.06425774912484e-05,0.00491466857606265
"Bra010035",-1.08904670192167,4.65738514158095,15.3207213683068,9.07159690429203e-05,0.00491466857606265
"Bra038755",-2.36937165565827,0.46375012238497,15.3191231882964,9.0792745600891e-05,0.00491466857606265
"Bra011384",1.54175528227959,2.68073280522765,15.3055881784439,9.14455946806527e-05,0.00493888409562878
"Bra030129",1.02594282292803,4.58783098371631,15.2807664759293,9.26551471029767e-05,0.00499299059523081
"Bra036225",-1.19655306674797,6.20263222814811,15.2623032078098,9.35652854366087e-05,0.00503075630913524
"Bra020755",0.892017726924615,4.53308826881238,15.2480472977498,9.42741744529656e-05,0.00504372403171889
"Bra005098",-1.11762300290381,6.88172317602143,15.2442954975999,9.44616330585129e-05,0.00504372403171889
"Bra023998",0.932901773699185,4.80063289250602,15.2433675501156,9.45080557634302e-05,0.00504372403171889
"Bra020591",1.61436562598942,1.78457021573736,15.2406148888083,9.4645899072365e-05,0.00504372403171889
"Bra008169",1.57563330210652,2.32970388226098,15.2291080436632,9.5224314184766e-05,0.00506332116618732
"Bra026307",0.729805990644728,3.60132758257021,15.2243025802365,9.54669223665217e-05,0.00506501547937524
"Bra006263",0.754303565077004,5.66865762138718,15.2037405834552,9.65120581496962e-05,0.00510918679640925
"Bra015596",1.25031905899621,2.59651462277115,15.1942253842358,9.69995910577727e-05,0.00512371026699452
"Bra016100",1.78229623340915,1.99339184882944,15.17071843644,9.82146743269848e-05,0.00516954009723655
"Bra020184",1.11849126299734,4.24310334699199,15.1691285957453,9.82974046948949e-05,0.00516954009723655
"Bra027961_Bra027962",-0.98616804356189,4.60618277943758,15.1502171498235,9.92868928517837e-05,0.00521017725502133
"Bra038792",1.37296290895019,2.70469109753843,15.1404022138101,9.98043766388834e-05,0.00521407913321936
"Bra033267",1.30191014503944,5.01971843181604,15.136485875353,0.000100011618930539,0.00521407913321936
"Bra040010",-1.26727143627453,5.19674462882331,15.1364770538739,0.000100012086228432,0.00521407913321936
"Bra005062",2.21088761920651,3.57570207718508,15.1176615939808,0.000101013809981798,0.00525490456515701
"Bra023490",0.806577021793854,4.62763410851133,15.1096349207495,0.000101444212008452,0.00526589674170872
"Bra000778",-3.26021550248259,6.06290904665287,15.0756924140888,0.000103284758228218,0.00534988336046766
"Bra003596",-1.20599481451079,7.4191128598421,14.9848898399276,0.000108375499659905,0.00560149840607776
"Bra001215",-1.01556396013441,3.10217314928294,14.9641185229971,0.000109575075867535,0.00565134629485051
"Bra002599",-0.819980332992933,4.28878390424923,14.9555607675069,0.000110073178625534,0.00566274119583806
"Bra012632",0.8904567441385,4.30235027855492,14.9484069817019,0.000110491311976446,0.00566274119583806
"Bra017624",1.34203537436781,8.74440443989485,14.9482098777247,0.000110502855157196,0.00566274119583806
"Bra010579",-1.94656702023498,3.23401843473481,14.9233976120725,0.000111965695098711,0.00572549684255833
"Bra007380",-2.44384458315027,5.75470993776655,14.9024118281311,0.000113218144857389,0.00577725030467618
"Bra039818",1.13061680397626,7.91356937065024,14.8937264407395,0.000113740613284109,0.0057916141942167
"Bra005500",1.34543147150629,5.33700806006905,14.8828809191555,0.000114396432962327,0.00581269317085953
"Bra040315",0.917136691549194,3.95969623677246,14.8777126888063,0.000114710289279329,0.00581634407708732
"Bra004508",-0.776152025563801,4.91932029094817,14.8660184224236,0.000115423661937549,0.00584019429685697
"Bra101792",-1.02611708204438,2.93307632384353,14.8561271585862,0.000116030532854852,0.00585856686267547
"Bra028666",-0.790557101087497,4.87412421000099,14.8511147978148,0.000116339287525649,0.0058618415857263
"Bra010005",1.11556162348625,2.50163137464779,14.8355664630301,0.000117302315523872,0.00589799968891368
"Bra022414",0.934032594866333,3.35493867653821,14.8221355064465,0.000118140655392051,0.005927750546331
"Bra014127",0.784149875536526,5.08929059829584,14.7686752913967,0.000121537774119538,0.0060854976316437
"Bra023464",1.85298736687639,2.36877656231163,14.7638294366442,0.000121850522073564,0.00608646188974688
"Bra033199",-0.719398217687779,7.1641472151253,14.7605363202727,0.000122063519632936,0.00608646188974688
"Bra020780",-1.08773703910122,6.89793736985692,14.7487330472021,0.000122830034886247,0.00610757013038841
"Bra032882",1.17238964554121,2.03136419324377,14.7462011624853,0.000122995087921611,0.00610757013038841
"Bra013012",0.888001788706788,3.93227451640392,14.7388772797452,0.000123473788403529,0.00611869903193902
"Bra037823",1.04125471322451,4.59192684905139,14.721580837253,0.000124611769532236,0.00616238532703241
"Bra036809",-1.20797880924917,2.14616087562214,14.7128878716915,0.000125187684652365,0.0061713007464775
"Bra036490",1.09436154497721,7.90701790431132,14.7111130185603,0.000125305598913249,0.0061713007464775
"Bra001972",1.48034354692484,1.81350009189962,14.6998497238272,0.000126056498465136,0.00619558667507378
"Bra023351",1.53639420415141,2.88497690363643,14.6922925860795,0.000126562854247931,0.00620777885509138
"Bra021759",0.989691949256448,5.6159075136021,14.6726172745989,0.00012789079830513,0.00626013736551017
"Bra006273",-2.45702178457137,6.08811276004073,14.6666625792791,0.000128295456400009,0.00626718089251589
"Bra021124",-1.09198616085826,3.09491905190298,14.6580975740184,0.000128879762561137,0.00626938649062439
"Bra029818",0.764760465705121,4.43575588794989,14.6562463850039,0.000129006402677445,0.00626938649062439
"Bra005949",1.08783458455737,4.96541545024157,14.6538608212373,0.000129169784209318,0.00626938649062439
"Bra010578",-1.37379881839447,3.19658264565525,14.6498112975296,0.000129447603434988,0.00626938649062439
"Bra039022",1.02224861055724,3.91371779832475,14.6469410572241,0.000129644881660994,0.00626938649062439
"Bra007027",-0.722998464131361,6.53027408962853,14.6319145725039,0.000130682637593652,0.00630688054603582
"Bra024841",-0.809472377796575,4.92824205396427,14.6237285774392,0.00013125149179483,0.00632163998756903
"Bra024660",-1.04382963699719,2.04195597649833,14.6155927768971,0.000131819327996825,0.00632819557620986
"Bra012052",-1.14344568390052,7.5115839135421,14.6112390503929,0.000132124210491397,0.00632819557620986
"Bra011720",-1.52281234616814,4.56513928800985,14.6072433238103,0.000132404647719744,0.00632819557620986
"Bra014907",0.90371144949121,3.69363369440254,14.6063465497621,0.000132467669463549,0.00632819557620986
"Bra014303",1.16267414049517,2.27354607749667,14.60298592599,0.00013270410961179,0.00632819557620986
"Bra009773",-1.75985697662135,4.33806345549689,14.5797506025468,0.000134350520502389,0.00639402061337508
"Bra018348",-1.0083263704081,7.72247813260573,14.5614910350054,0.000135658777758104,0.00644352384315866
"Bra000290",-1.3277429383706,2.2142389721015,14.5519253423584,0.000136349250210844,0.00646354611354524
"Bra031208",1.41254470675934,3.90165810936001,14.5312832815959,0.000137851319342297,0.00650464789828367
"Bra003222",0.823355842067597,3.73301105863458,14.5278097474944,0.000138105712091009,0.00650464789828367
"Bra005890",1.6453812070376,0.986253794177459,14.5265225935877,0.000138200099931234,0.00650464789828367
"Bra014190",1.45229528281861,4.29135691888141,14.5238560838332,0.000138395843539324,0.00650464789828367
"Bra006341",-0.67395633667579,5.73746870926634,14.5214934279885,0.000138569515017111,0.00650464789828367
"Bra035477",1.24174605001771,3.31901942357891,14.5170648146617,0.000138895639949219,0.00650724719403419
"Bra024672",-2.17795438477789,2.69273819579821,14.5058877364142,0.000139722165292787,0.00653323447596664
"Bra012838",-0.783432081685132,4.51283887793867,14.4426132329107,0.000144495458212754,0.00674330843239868
"Bra009599",1.04429213350961,2.42983273263003,14.4344135425705,0.000145125926552685,0.00675154509646355
"Bra031648",1.57636957860055,1.43569795740376,14.4304831535946,0.00014542911268614,0.00675154509646355
"Bra026809",0.830805902830408,3.45576194258273,14.4293750932248,0.000145514702503458,0.00675154509646355
"Bra011880",1.09225180512289,4.4212783601451,14.4151048832597,0.000146621518712061,0.00678979109966412
"Bra010501",-1.04865816311716,3.3858360893923,14.407498354074,0.000147214950648387,0.0068041617766987
"Bra020359",-0.942805029855638,3.09041338346839,14.3997736869814,0.000147820074481757,0.00681901664125632
"Bra023546",-0.65082377140368,5.97789338160841,14.3951060640693,0.000148186933297674,0.00682284435800056
"Bra001488",1.03531791567998,5.30769584309111,14.3829629448803,0.000149145640794527,0.00685385531712362
"Bra031029",-0.884436848101354,3.17696263555728,14.3723607418152,0.000149987797745185,0.00687940215841178
"Bra006430",-1.78987210923152,3.08737172106033,14.3651933233791,0.000150559833140528,0.00689248577085611
"Bra011514",-1.27750153390778,6.41277778421325,14.3569395817884,0.000151221290702817,0.00689932510887469
"Bra004915",-1.25064919750351,6.54786118317981,14.3561669106261,0.000151283362418947,0.00689932510887469
"Bra002014",1.57110650830193,3.09634681464021,14.3501161659615,0.000151770330522341,0.00690842447684458
"Bra014042",0.707108526849128,6.07370694537388,14.337144192157,0.000152819650035374,0.00694303869366763
"Bra102601",1.23909360727404,4.28372068649309,14.3261668094115,0.000153713329691178,0.0069704644637694
"Bra034002",0.925264112445612,5.95965996420782,14.3175334981023,0.00015441987179557,0.00698423235733139
"Bra029943",-1.00446912357045,5.07710895744605,14.315361546551,0.000154598136560718,0.00698423235733139
"Bra037186",0.830772954589774,3.93358258854809,14.2933982840664,0.000156412474937556,0.00705294075543945
"Bra022753",-0.818626033228657,4.31256219436921,14.2864988477482,0.000156986836922467,0.00706558359287372
"Bra035023",-0.757416704705789,5.91357201815647,14.2683165849043,0.000158510662819995,0.00712083228077711
"Bra029041",1.63060433967477,9.37554913324773,14.2578731067209,0.000159392639741584,0.00714709459617393
"Bra012492",-1.4503423124903,5.04705550481365,14.2222239832705,0.000162440693173683,0.00727020413358713
"Bra026551",0.71228048694605,5.0047062718166,14.2179029755645,0.000162814112581562,0.00727337245684991
"Bra000662",0.613552878412326,4.72022926873595,14.2047466495109,0.000163956407757143,0.00731081318002816
"Bra040225",0.984377230845462,6.74535518568267,14.186639890389,0.000165541733726021,0.00735647464439977
"Bra021809",1.05725415724028,6.60837194616455,14.1854852638381,0.000165643348376709,0.00735647464439977
"Bra019897",-0.805886555735678,4.18335421225935,14.1825869476645,0.00016589869590017,0.00735647464439977
"Bra006700",1.29934100927508,2.67470805406967,14.161386779867,0.000167778568846543,0.00742613282441588
"Bra014682",1.21470857577705,3.91156934372042,14.1518529409627,0.000168630937797649,0.00745013963056745
"Bra000981",0.819880565639024,4.29174186227867,14.1449603030786,0.000169249886346172,0.00745571120094618
"Bra027764",0.977360093845691,5.62489081536379,14.1414543057243,0.000169565597057141,0.00745571120094618
"Bra016948",0.692873586580783,6.44749304114089,14.1388596480097,0.000169799624606896,0.00745571120094618
"Bra018609",0.651014066867579,5.09670324866818,14.1366640939371,0.000169997908717588,0.00745571120094618
"Bra011171",-1.42263967956651,2.00234222456562,14.1235924398315,0.000171183268225519,0.00749402307565052
"Bra038967_Bra038964_Bra038966",0.783314033489199,7.53622307612853,14.1019604975,0.000173163205023879,0.00756512125507488
"Bra035933",0.998713750283843,6.73186507151584,14.0974938758745,0.000173574891995057,0.00756512125507488
"Bra025144",-1.57914876590174,1.67377697047008,14.0955795034065,0.000173751640709051,0.00756512125507488
"Bra004855",-0.595097519911132,6.38578733974715,14.0783212765295,0.000175353251166045,0.00761979599506678
"Bra037958",1.85032962615426,3.92177944380964,14.0752324729035,0.0001756414654767,0.00761979599506678
"Bra023576",1.25899301858493,3.89526140155233,14.0519049439949,0.000177833607758223,0.00769770435574761
"Bra035742",2.96441824598704,4.84860048155364,14.0493235578107,0.000178077873920099,0.00769770435574761
"Bra016495",1.15399334330578,4.32533029051318,14.041349698257,0.000178834544428651,0.00771653400502371
"Bra036217",1.63273546946289,4.94437442039125,14.0362953739251,0.000179315845007956,0.00771709786248865
"Bra029666",0.957982874987652,4.22350477418012,14.0344720307177,0.000179489793839193,0.00771709786248865
"Bra000015",0.630917992026867,5.2898776367884,14.0266830646783,0.000180234785165085,0.00773529076188866
"Bra022530",-0.835505394778026,3.62944085198226,14.0141616299099,0.000181438956832397,0.00777309071035619
"Bra011563",-1.3714425044943,1.37167850907401,14.0051329640818,0.00018231225834791,0.00779660643618089
"Bra016212",1.07637345248834,2.57776852799656,13.9961003808672,0.000183190175633343,0.00782023566815588
"Bra038127",-0.948309552944076,3.09867700565481,13.9901902853045,0.000183766907805246,0.00783094656416895
"Bra017481",1.43201792557784,3.06819379915705,13.9731713692398,0.000185437922898552,0.00788816821051998
"Bra016300",-1.79280103833965,3.70472808632871,13.9448328946311,0.000188254390492363,0.00799382689239126
"Bra021771",1.62686560927993,1.21583121157145,13.9304983762548,0.000189695422376287,0.00804081090192536
"Bra027372",-0.858249241888706,3.57110060349448,13.9237596832692,0.000190376689657003,0.00805548126622606
"Bra001195",0.811978550332089,5.09712032736123,13.9126879934463,0.000191501369224528,0.00808882936369472
"Bra004581",-1.69810675632824,5.95165191193989,13.8986842777502,0.000192933480586116,0.00813502328492405
"Bra025798",1.06900972358932,4.40091793126005,13.8921509025686,0.000193605312291078,0.00814905442312396
"Bra002997",1.62412059506482,1.26797347757224,13.879383849707,0.000194924967755847,0.00819025642490216
"Bra018722",1.39627680740551,3.95536758944435,13.8760609664983,0.000195269918408674,0.00819043144683082
"Bra011561",-1.70395095588181,4.07003943703442,13.8550803059258,0.000197462179376762,0.00825992883081595
"Bra002828",0.7026313704732,4.72398346531894,13.8531502229762,0.000197665094191443,0.00825992883081595
"Bra024095",0.67857668246303,7.29370470134233,13.8503690901763,0.000197957851649746,0.00825992883081595
"Bra022587",1.86185574476237,3.84057708285533,13.8324814879926,0.000199851268134946,0.00832448072505251
"Bra025244",0.848719687791111,3.30497839621537,13.809679285332,0.000202291376575238,0.00841154142665964
"Bra011481",0.960831559037205,3.70977884050553,13.7611971430835,0.000207579773569737,0.00861653243173584
"Bra024572",1.2130336475197,2.56524453729887,13.7513974889827,0.000208665520305149,0.00864666743967924
"Bra025323",-0.938266862772635,7.7672276696802,13.7441536449669,0.000209471773931527,0.00866513703041363
"Bra013115",-1.65751176411486,5.47573912764289,13.7349322370706,0.000210502676830835,0.00869282016314825
"Bra025961",0.847386068155807,6.36711310057508,13.713138752229,0.000212959432030384,0.00877673580777813
"Bra011735",0.760511989837501,6.0218538460789,13.7104448469103,0.000213265112413349,0.00877673580777813
"Bra011180_Bra011181",-0.853487045632023,5.52396609350603,13.7027260992739,0.000214143417429843,0.00879221121315321
"Bra101202",2.10321240815637,1.08886104103645,13.6973363696783,0.000214758866944311,0.00879221121315321
"Bra034640",1.32482514180709,2.15498390928491,13.6948244628856,0.000215046308395259,0.00879221121315321
"Bra032354",-1.49472327214216,3.47758545523994,13.6943168410523,0.000215104443427398,0.00879221121315321
"Bra036562",-1.40384319600019,3.12047570992731,13.6892960458702,0.000215680300009382,0.00880078154571392
"Bra007020",-0.711180092712201,5.20707814875765,13.6833301703357,0.000216366571686322,0.00881382065069332
"Bra023512",-1.75459018068909,2.87883839661371,13.6621508167747,0.000218820712425788,0.00889870897198203
"Bra023081",1.50691841396098,2.2202528105093,13.6462373172955,0.000220683114674198,0.00895928712513458
"Bra018985",-0.643792030559757,4.69909436774493,13.6271447348281,0.000222938663985668,0.00903559502568558
"Bra027708",1.18475850927852,3.04699252986804,13.6167552892455,0.000224175791607873,0.0090704393526997
"Bra006607",-0.583398736389316,4.90685857314729,13.6117085993918,0.000224779222220508,0.00907956945688687
"Bra032357",-1.01535699268398,3.47898624287702,13.5927782941181,0.000227057332072764,0.00914731067966091
"Bra036685",0.978526220477424,3.55518114837786,13.5914548795201,0.000227217461752416,0.00914731067966091
"Bra005839",1.2455785925174,4.06734716139993,13.583453205268,0.000228188070205214,0.0091710235440002
"Bra034865",1.2828228908254,2.19645150161046,13.5732342280949,0.000229433716586691,0.0092056927286219
"Bra011670",1.03950921730593,5.18091050966414,13.566558141493,0.000230251199121775,0.00921969377453036
"Bra025326",0.789925301021797,5.61674929645045,13.5641248295388,0.000230549885932127,0.00921969377453036
"Bra018553",2.44047447960182,3.01459409570761,13.5459790494136,0.000232789611052759,0.00929379653163123
"Bra011174",0.779841950202364,5.83252254092021,13.5194974831342,0.000236097628635638,0.00941023284681413
"Bra034193",-0.779571251402484,7.00659152428521,13.5078238690123,0.000237570875350003,0.00943798782826142
"Bra038768",1.17789930676392,3.81073312106516,13.5048187565851,0.000237951627084769,0.00943798782826142
"Bra016225",0.939828294895913,3.53590062743215,13.5046575813278,0.000237972065570709,0.00943798782826142
"Bra039762",-0.792865728079775,5.0862455071101,13.4979400775704,0.000238825481326629,0.009456230013516
"Bra012137",0.730731249322589,4.27658165954635,13.4558346748282,0.000244245409418496,0.00965492462165154
"Bra039066",-1.66100395729153,1.51855021048865,13.45135578508,0.000244829190853754,0.0096621096436439
"Bra016265",1.75303270998304,2.39922749137501,13.431735651573,0.000247403109878695,0.00974768252922057
"Bra026409",-0.861279664720932,6.09866225939243,13.4254538017032,0.000248232961121194,0.0097643715017787
"Bra036289",1.34011359268714,2.47782586800814,13.4201086348268,0.000248941282453823,0.00977339104505729
"Bra023526",-1.84779834169823,4.13492037071743,13.4148414881571,0.000249641257464044,0.00977339104505729
"Bra003998",2.45187770034112,1.69269904760962,13.4145338327647,0.000249682204446416,0.00977339104505729
"Bra016381",1.13649705750785,5.71560185245259,13.3927889390448,0.000252593525068326,0.00987127281543438
"Bra009925",1.54179100764017,1.78283663223953,13.3690355261682,0.00025581287382099,0.009964413336329
"Bra035481",1.23675380353222,3.6399442381197,13.367210439424,0.000256061935754702,0.009964413336329
"Bra005432",1.11318425415837,4.55103191459995,13.3643450103595,0.000256453462016141,0.009964413336329
"Bra004601",-0.817405818125117,3.34260195840417,13.3630159949868,0.000256635260680189,0.009964413336329
